s_m,longitude,latitude,x_local_m,y_local_m,elevation_m,slope_deg,valley_width_m
0.000000,85.646667,28.402500,26359.877613,13572.101200,5143.089770,0.011459,1105.304419
100.000000,85.646613,28.401613,26354.646902,13474.086516,5143.069770,0.011459,1099.534276
200.000000,85.645936,28.400936,26288.295391,13399.270228,5143.049770,0.011459,1088.749798
300.000000,85.645833,28.400067,26278.183102,13303.108346,5143.029770,0.011459,1074.613078
400.000000,85.645833,28.399162,26278.183102,13203.108346,5143.009770,0.011459,1059.643211
500.000000,85.645833,28.398257,26278.183102,13103.108346,5142.989770,0.011459,1046.888085
600.000000,85.645833,28.397353,26278.183102,13003.108346,5142.969770,0.011459,1039.453364
700.000000,85.645833,28.396448,26278.183102,12903.108346,5142.949770,0.011459,1040.257858
800.000000,85.645616,28.395616,26256.911126,12811.182124,5142.929770,0.011459,1052.136284
900.000000,85.645000,28.394919,26196.488592,12734.115493,5142.909770,0.011459,1077.873868
1000.000000,85.645000,28.394015,26196.488592,12634.115493,5142.889770,0.011459,1119.774795
1100.000000,85.645000,28.393110,26196.488592,12534.115493,5142.869770,0.011459,1178.635840
1200.000000,85.645000,28.392205,26196.488592,12434.115493,5142.849770,0.188640,1252.325078
1300.000000,85.645000,28.391301,26196.488592,12334.115493,5142.211291,1.145040,1334.827433
1400.000000,85.644673,28.390506,26164.406061,12246.292415,5138.852293,2.058381,1416.593107
1500.000000,85.643996,28.389829,26098.054550,12171.476127,5135.023093,2.036734,1486.627561
1600.000000,85.643319,28.389152,26031.703038,12096.659839,5131.739755,2.056422,1500.000000
1700.000000,85.642642,28.388476,25965.351527,12021.843551,5127.841742,2.396300,1500.000000
1800.000000,85.641965,28.387799,25899.000016,11947.027263,5123.370209,2.692717,1500.000000
1900.000000,85.641667,28.386995,25869.710549,11858.144079,5118.435459,3.079301,1500.000000
2000.000000,85.641667,28.386090,25869.710549,11758.144079,5112.611061,3.540766,1500.000000
2100.000000,85.641182,28.385349,25822.187083,11676.181607,5106.060098,3.987839,1455.498374
2200.000000,85.640505,28.384672,25755.835572,11601.365319,5098.668356,4.382487,1403.945486
2300.000000,85.639828,28.383995,25689.484061,11526.549031,5090.732428,4.696828,1349.200149
2400.000000,85.639151,28.383318,25623.132549,11451.732743,5082.236511,4.991555,1294.845033
2500.000000,85.638475,28.382641,25556.781038,11376.916455,5073.264401,5.379225,1244.920142
2600.000000,85.637798,28.381964,25490.429527,11302.100167,5063.404108,5.859037,1202.786467
2700.000000,85.637121,28.381288,25424.078015,11227.283879,5052.740916,6.244765,1169.720269
2800.000000,85.636331,28.380833,25346.662575,11177.067867,5041.519036,6.560050,1144.069938
2900.000000,85.635487,28.380487,25263.886025,11138.772104,5029.741432,6.746243,1121.580326
3000.000000,85.634810,28.379810,25197.534513,11063.955816,5017.860776,6.732680,1096.690119
3100.000000,85.634133,28.379133,25131.183002,10989.139527,5006.131173,6.609096,1064.577112
3200.000000,85.633456,28.378456,25064.831491,10914.323239,4994.687811,6.357500,1023.012531
3300.000000,85.632499,28.378333,24970.991011,10900.627752,4983.847787,5.987384,973.340892
3400.000000,85.631822,28.377656,24904.639500,10825.811464,4973.711487,5.627747,920.204940
3500.000000,85.630881,28.377500,24812.379785,10808.601200,4964.139824,5.355595,870.058202
3600.000000,85.630188,28.376855,24744.447509,10737.299688,4954.962296,4.957970,829.134442
3700.000000,85.629264,28.376667,24653.809087,10716.484533,4946.789918,4.241783,801.759033
3800.000000,85.628554,28.376054,24584.255519,10648.787913,4940.128569,3.369995,789.557672
3900.000000,85.627877,28.375377,24517.904007,10573.971625,4935.012833,2.638626,791.945304
4000.000000,85.627201,28.374701,24451.552496,10499.155337,4930.911511,2.299260,807.322533
4100.000000,85.626524,28.374024,24385.200985,10424.339049,4926.982591,2.330503,834.326213
4200.000000,85.625847,28.373347,24318.849474,10349.522761,4922.772032,2.532621,872.472315
4300.000000,85.624834,28.373333,24219.526297,10348.017867,4918.136314,2.693057,922.067314
4400.000000,85.623932,28.373099,24131.168515,10322.131785,4913.364562,2.698635,983.581508
4500.000000,85.623256,28.372422,24064.817003,10247.315497,4908.709328,2.705931,1056.723169
4600.000000,85.622579,28.371746,23998.465492,10172.499209,4903.912052,2.727790,1139.354012
4700.000000,85.621902,28.371069,23932.113981,10097.682921,4899.180343,2.705998,1226.508466
4800.000000,85.621001,28.370833,23843.814204,10071.667867,4894.459307,2.669271,1310.140376
4900.000000,85.620268,28.370268,23771.921990,10009.171146,4889.856084,2.647507,1380.237318
5000.000000,85.619591,28.369591,23705.570479,9934.354858,4885.211180,2.662608,1427.319676
5100.000000,85.618914,28.368914,23639.218968,9859.538570,4880.555131,2.823420,1445.266998
5200.000000,85.618237,28.368237,23572.867456,9784.722282,4875.347598,3.212556,1433.070847
5300.000000,85.617561,28.367561,23506.515945,9709.905994,4869.329430,3.894945,1394.710882
5400.000000,85.616884,28.366884,23440.164434,9635.089706,4861.730695,4.806205,1337.399770
5500.000000,85.616207,28.366207,23373.812922,9560.273418,4852.513149,5.658124,1269.322698
5600.000000,85.615530,28.365530,23307.461411,9485.457130,4841.915660,6.365314,1197.723947
5700.000000,85.614853,28.364853,23241.109900,9410.640842,4830.202148,6.926060,1127.917167
5800.000000,85.614177,28.364177,23174.758389,9335.824554,4817.620695,7.422661,1063.080362
5900.000000,85.613500,28.363500,23108.406877,9261.008266,4804.146242,7.890220,1004.631444
6000.000000,85.612823,28.362823,23042.055366,9186.191978,4789.903198,8.310680,952.852456
6100.000000,85.612146,28.362146,22975.703855,9111.375689,4774.931322,8.650007,907.436946
6200.000000,85.611469,28.361469,22909.352344,9036.559401,4759.477470,8.874228,867.794163
6300.000000,85.610792,28.360792,22843.000832,8961.743113,4743.704319,9.068764,833.144795
6400.000000,85.610116,28.360116,22776.649321,8886.926825,4727.554481,9.258439,802.442697
6500.000000,85.609439,28.359439,22710.297810,8812.110537,4711.102012,9.318322,774.499187
6600.000000,85.608762,28.358762,22643.946299,8737.294249,4694.737551,9.158132,748.230299
6700.000000,85.608085,28.358085,22577.594787,8662.477961,4678.859045,8.802886,722.957968
6800.000000,85.607408,28.357408,22511.243276,8587.661673,4663.765601,8.359673,698.559867
6900.000000,85.606731,28.356731,22444.891765,8512.845385,4649.469438,7.973136,675.379320
7000.000000,85.606055,28.356055,22378.540254,8438.029097,4635.753054,7.631232,653.958932
7100.000000,85.605378,28.355378,22312.188742,8363.212809,4622.672773,7.200189,634.771185
7200.000000,85.604701,28.354701,22245.837231,8288.396521,4610.486508,6.605107,618.079378
7300.000000,85.604024,28.354024,22179.485720,8213.580233,4599.513916,5.839527,603.947217
7400.000000,85.603347,28.353347,22113.134209,8138.763945,4590.031839,4.908841,592.323638
7500.000000,85.602670,28.352670,22046.782697,8063.947657,4582.336778,3.857204,583.118853
7600.000000,85.601994,28.351994,21980.431186,7989.131369,4576.547280,2.939977,576.244458
7700.000000,85.601317,28.351317,21914.079675,7914.315081,4572.065307,2.342538,571.664219
7800.000000,85.600640,28.350640,21847.728164,7839.498793,4568.365719,1.951516,569.440037
7900.000000,85.599963,28.349963,21781.376652,7764.682505,4565.250597,1.628495,569.726178
8000.000000,85.599286,28.349286,21715.025141,7689.866217,4562.679668,1.464327,572.621185
8100.000000,85.598610,28.348610,21648.673630,7615.049929,4560.138019,1.643687,577.914358
8200.000000,85.597933,28.347933,21582.322119,7540.233641,4556.940545,2.103329,584.893690
8300.000000,85.597256,28.347256,21515.970607,7465.417353,4552.792715,2.603642,592.409458
8400.000000,85.596579,28.346579,21449.619096,7390.601065,4547.845857,2.920227,599.241881
8500.000000,85.595902,28.345902,21383.267585,7315.784777,4542.590362,3.031704,604.596295
8600.000000,85.595225,28.345225,21316.916073,7240.968489,4537.253326,3.179370,608.405506
8700.000000,85.594549,28.344549,21250.564562,7166.152201,4531.480861,3.490361,611.242163
8800.000000,85.593872,28.343872,21184.213051,7091.335913,4525.054576,3.913065,613.891123
8900.000000,85.593195,28.343195,21117.861540,7016.519625,4517.800411,4.411212,616.852524
9000.000000,85.592518,28.342518,21051.510028,6941.703337,4509.626046,4.917600,620.079867
9100.000000,85.591841,28.341841,20985.158517,6866.887049,4500.592474,5.403556,623.064863
9200.000000,85.591164,28.341164,20918.807006,6792.070761,4490.707955,5.905756,625.155236
9300.000000,85.590488,28.340488,20852.455495,6717.254473,4479.904177,6.419935,625.856875
9400.000000,85.589811,28.339811,20786.103983,6642.438185,4468.203895,6.892417,624.920146
9500.000000,85.589134,28.339134,20719.752472,6567.621897,4455.728374,7.227061,622.229048
9600.000000,85.588457,28.338457,20653.400961,6492.805609,4442.842047,7.416560,617.641062
9700.000000,85.587780,28.337780,20587.049450,6417.989321,4429.694127,7.505314,610.964572
9800.000000,85.587104,28.337104,20520.697938,6343.173033,4416.492675,7.439548,602.097271
9900.000000,85.586427,28.336427,20454.346427,6268.356745,4403.578272,7.268569,591.214804
10000.000000,85.585750,28.335750,20387.994916,6193.540457,4390.983591,6.996845,578.871805
10100.000000,85.585073,28.335073,20321.643405,6118.724169,4379.032537,6.574771,565.961653
10200.000000,85.584396,28.334396,20255.291893,6043.907881,4367.932040,6.083514,553.560022
10300.000000,85.583719,28.333719,20188.940382,5969.091592,4357.716905,5.615287,542.730654
10400.000000,85.583043,28.333043,20122.588871,5894.275304,4348.267993,5.191230,534.327070
10500.000000,85.582366,28.332366,20056.237360,5819.459016,4339.546344,4.808917,528.826474
10600.000000,85.581689,28.331689,19989.885848,5744.642728,4331.442179,4.542241,526.224417
10700.000000,85.581012,28.331012,19923.534337,5669.826440,4323.657631,4.343552,526.066484
10800.000000,85.580335,28.330335,19857.182826,5595.010152,4316.251211,3.919283,527.616503
10900.000000,85.579658,28.329658,19790.831315,5520.193864,4309.955376,3.352648,530.084632
11000.000000,85.578982,28.328982,19724.479803,5445.377576,4304.534888,2.912694,532.811310
11100.000000,85.578305,28.328305,19658.128292,5370.561288,4299.779389,2.589879,535.349040
11200.000000,85.577628,28.327628,19591.776781,5295.745000,4295.488344,2.371544,537.435768
11300.000000,85.576673,28.327500,19498.137929,5281.601200,4291.496408,2.234656,538.895671
11400.000000,85.575994,28.326827,19431.584790,5207.233225,4287.683964,2.218275,539.482626
11500.000000,85.575317,28.326150,19365.233279,5132.416937,4283.749298,2.296998,538.718155
11600.000000,85.574640,28.325474,19298.881767,5057.600649,4279.661629,2.511094,535.846018
11700.000000,85.573963,28.324797,19232.530256,4982.784361,4274.978310,2.729568,530.044320
11800.000000,85.573287,28.324120,19166.178745,4907.968073,4270.126426,2.772811,520.869892
11900.000000,85.572610,28.323443,19099.827234,4833.151785,4265.291809,2.801990,508.693929
12000.000000,85.571933,28.322766,19033.475722,4758.335497,4260.337831,3.068908,494.787146
12100.000000,85.571256,28.322089,18967.124211,4683.519209,4254.569042,3.539683,480.935575
12200.000000,85.570450,28.321667,18888.143046,4636.784533,4247.966261,3.652249,468.739760
12300.000000,85.569430,28.321667,18788.143046,4636.784533,4241.802994,4.101139,459.063453
12400.000000,85.568665,28.321165,18713.091741,4581.311945,4233.626085,5.200654,451.765615
12500.000000,85.567813,28.320833,18629.572348,4544.667867,4223.599268,6.082960,446.059966
12600.000000,85.567031,28.320364,18552.899750,4492.800170,4212.312411,6.615390,441.282611
12700.000000,85.566354,28.319687,18486.548239,4417.983882,4200.404036,6.872069,437.749678
12800.000000,85.565677,28.319010,18420.196728,4343.167594,4188.208671,7.020495,437.775787
12900.000000,85.565000,28.318334,18353.845216,4268.351306,4175.774500,7.264396,446.211024
13000.000000,85.564043,28.318210,18260.004737,4254.655818,4162.714392,7.596671,470.048465
13100.000000,85.563366,28.317533,18193.653226,4179.839530,4149.100632,7.811761,516.504861
13200.000000,85.562409,28.317409,18099.812746,4166.144043,4135.275974,7.840601,589.626228
13300.000000,85.561732,28.316732,18033.461235,4091.327754,4121.559643,7.850814,686.630876
13400.000000,85.561055,28.316055,17967.109724,4016.511466,4107.698656,7.929667,796.108148
13500.000000,85.560148,28.315833,17878.148163,3991.967867,4093.701792,7.904016,899.872144
13600.000000,85.559128,28.315833,17778.148163,3991.967867,4079.932074,7.763052,978.384450
13700.000000,85.558184,28.315684,17685.588285,3975.425004,4066.436582,7.591757,1017.446111
13800.000000,85.557507,28.315007,17619.236774,3900.608716,4053.275663,7.341047,1012.862305
13900.000000,85.556490,28.315000,17519.577465,3899.851200,4040.670345,7.190924,970.931857
14000.000000,85.555470,28.315000,17419.577465,3899.851200,4028.041974,7.126560,904.986021
14100.000000,85.554450,28.315000,17319.577465,3899.851200,4015.664871,7.004192,830.171897
14200.000000,85.553430,28.315000,17219.577465,3899.851200,4003.470209,6.920555,759.055091
14300.000000,85.552410,28.315000,17119.577465,3899.851200,3991.389408,6.771962,699.511400
14400.000000,85.551390,28.315000,17019.577465,3899.851200,3979.720911,6.358455,654.813923
14500.000000,85.550370,28.315000,16919.577465,3899.851200,3969.102645,5.797009,624.826945
14600.000000,85.549350,28.315000,16819.577465,3899.851200,3959.416201,5.192275,607.262498
14700.000000,85.548330,28.315000,16719.577465,3899.851200,3950.928407,4.508270,598.610259
14800.000000,85.547310,28.315000,16619.577465,3899.851200,3943.646812,3.929396,594.907245
14900.000000,85.546290,28.315000,16519.577465,3899.851200,3937.190682,3.607472,592.594598
15000.000000,85.545459,28.315374,16438.173083,3941.197934,3931.037693,3.570175,589.132444
15100.000000,85.544782,28.316051,16371.821572,4016.014222,3924.712266,3.712711,583.266758
15200.000000,85.544106,28.316728,16305.470061,4090.830510,3918.059717,3.841716,574.823079
15300.000000,85.543429,28.317405,16239.118549,4165.646798,3911.282015,4.409267,564.031281
15400.000000,85.542752,28.318081,16172.767038,4240.463086,3902.638016,5.028313,551.094808
15500.000000,85.541860,28.318333,16085.294675,4268.317867,3893.684689,5.200676,536.038527
15600.000000,85.541118,28.318882,16012.575047,4328.974862,3884.434210,5.292525,518.916994
15700.000000,85.540242,28.319167,15926.723977,4360.434533,3875.157567,5.472617,500.141870
15800.000000,85.539222,28.319167,15826.723977,4360.434533,3865.272868,5.764574,480.654045
15900.000000,85.538246,28.319254,15731.053609,4370.061325,3854.967236,6.216295,461.795312
16000.000000,85.537569,28.319931,15664.702098,4444.877613,3843.488360,6.667253,444.930271
16100.000000,85.536612,28.320054,15570.861618,4458.573100,3831.588515,6.908104,431.064842
16200.000000,85.535935,28.320731,15504.510107,4533.389388,3819.256996,7.309242,420.647403
16300.000000,85.535259,28.321408,15438.158596,4608.205676,3805.935132,7.923278,413.617336
16400.000000,85.534582,28.322085,15371.807084,4683.021964,3791.421877,8.394577,409.584334
16500.000000,85.533905,28.322762,15305.455573,4757.838252,3776.421046,8.655400,407.990353
16600.000000,85.533175,28.323333,15233.870489,4821.017867,3760.976886,8.810620,408.178232
16700.000000,85.532155,28.323333,15133.870489,4821.017867,3745.421450,8.822246,409.383828
16800.000000,85.531314,28.323686,15051.423103,4860.045515,3729.935732,8.845062,410.830775
16900.000000,85.530637,28.324363,14985.071592,4934.861803,3714.298729,8.941928,411.873850
17000.000000,85.529940,28.325000,14916.729094,5005.251200,3698.466605,9.035798,412.229235
17100.000000,85.529003,28.325164,14824.879601,5023.373579,3682.493734,9.121072,412.194444
17200.000000,85.528322,28.325833,14758.158396,5097.367867,3666.356348,9.187100,412.761784
17300.000000,85.527369,28.325965,14664.687610,5111.885355,3650.147012,9.157145,415.565726
17400.000000,85.526692,28.326641,14598.336099,5186.701643,3634.116915,8.995986,422.631659
17500.000000,85.525735,28.326765,14504.495619,5200.397130,3618.484488,8.877062,435.923217
17600.000000,85.525058,28.327442,14438.144108,5275.213418,3602.879779,8.470375,456.789324
17700.000000,85.524381,28.328119,14371.792597,5350.029706,3588.699999,7.823250,485.499055
17800.000000,85.523704,28.328796,14305.441085,5424.845994,3575.400503,7.455506,521.047392
17900.000000,85.522872,28.329167,14223.875606,5465.834533,3562.527490,7.376468,561.288243
18000.000000,85.521852,28.329167,14123.875606,5465.834533,3549.508563,7.642272,603.296647
18100.000000,85.521113,28.329720,14051.408615,5527.053257,3535.691592,8.172028,643.867829
18200.000000,85.520235,28.330000,13965.304908,5557.951200,3520.787784,8.623333,680.033528
18300.000000,85.519214,28.330000,13865.304908,5557.951200,3505.361119,8.913288,709.547003
18400.000000,85.518194,28.330000,13765.304908,5557.951200,3489.421098,9.182508,731.249335
18500.000000,85.517174,28.330000,13665.304908,5557.951200,3473.030846,9.201770,745.222454
18600.000000,85.516154,28.330000,13565.304908,5557.951200,3457.021824,8.866055,752.582231
18700.000000,85.515134,28.330000,13465.304908,5557.951200,3441.833066,8.634168,755.125641
18800.000000,85.514114,28.330000,13365.304908,5557.951200,3426.652662,8.675679,754.980877
18900.000000,85.513094,28.330000,13265.304908,5557.951200,3411.315643,8.893371,754.587219
19000.000000,85.512074,28.330000,13165.304908,5557.951200,3395.357202,9.047593,757.055827
19100.000000,85.511054,28.330000,13065.304908,5557.951200,3379.468433,9.147506,766.557758
19200.000000,85.510303,28.330530,12991.674372,5616.582820,3363.152288,9.382676,788.113160
19300.000000,85.509626,28.331207,12925.322861,5691.399108,3346.420774,9.536266,826.198939
19400.000000,85.508949,28.331884,12858.971350,5766.215396,3329.553616,9.587995,882.428523
19500.000000,85.508242,28.332500,12789.592816,5834.301200,3312.636407,9.684934,953.269845
19600.000000,85.507222,28.332500,12689.592816,5834.301200,3295.421114,9.681161,1029.410098
19700.000000,85.506201,28.332500,12589.592816,5834.301200,3278.517460,9.510701,1097.775181
19800.000000,85.505181,28.332500,12489.592816,5834.301200,3261.914191,9.354237,1145.692859
19900.000000,85.504161,28.332500,12389.592816,5834.301200,3245.571775,9.088544,1165.218943
20000.000000,85.503141,28.332500,12289.592816,5834.301200,3229.920393,8.658377,1155.368630
20100.000000,85.502121,28.332500,12189.592816,5834.301200,3215.116151,8.236327,1121.241749
20200.000000,85.501101,28.332500,12089.592816,5834.301200,3200.970503,7.972626,1070.898761
20300.000000,85.500081,28.332500,11989.592816,5834.301200,3187.105419,7.927696,1011.956929
20400.000000,85.499061,28.332500,11889.592816,5834.301200,3173.119663,8.016327,949.531945
20500.000000,85.498041,28.332500,11789.592816,5834.301200,3158.939131,8.066331,886.022038
20600.000000,85.497021,28.332500,11689.592816,5834.301200,3144.775347,7.979912,822.181907
20700.000000,85.496001,28.332500,11589.592816,5834.301200,3130.902464,8.125824,758.582224
20800.000000,85.494981,28.332500,11489.592816,5834.301200,3116.219157,8.617183,696.817508
20900.000000,85.493961,28.332500,11389.592816,5834.301200,3100.593954,9.060798,639.985522
21000.000000,85.492941,28.332500,11289.592816,5834.301200,3084.324685,9.351436,592.363678
21100.000000,85.491921,28.332500,11189.592816,5834.301200,3067.658309,9.407685,558.365461
21200.000000,85.490901,28.332500,11089.592816,5834.301200,3051.187338,9.197530,541.000786
21300.000000,85.489880,28.332500,10989.592816,5834.301200,3035.274225,8.836988,540.487393
21400.000000,85.488860,28.332500,10889.592816,5834.301200,3020.093482,8.356908,553.475560
21500.000000,85.487840,28.332500,10789.592816,5834.301200,3005.894478,7.559138,573.291919
21600.000000,85.486820,28.332500,10689.592816,5834.301200,2993.552943,6.994705,591.332780
21700.000000,85.485800,28.332500,10589.592816,5834.301200,2981.356328,7.187207,599.352847
21800.000000,85.484780,28.332500,10489.592816,5834.301200,2968.332436,7.359825,591.943295
21900.000000,85.483760,28.332500,10389.592816,5834.301200,2955.523453,7.314528,568.192239
22000.000000,85.482740,28.332500,10289.592816,5834.301200,2942.660301,7.451473,531.717999
22100.000000,85.481720,28.332500,10189.592816,5834.301200,2929.365262,7.746264,489.103336
22200.000000,85.480700,28.332500,10089.592816,5834.301200,2915.454777,8.123982,447.621365
22300.000000,85.479680,28.332500,9989.592816,5834.301200,2900.815633,8.472465,413.368911
22400.000000,85.478660,28.332500,9889.592816,5834.301200,2885.662830,8.601135,390.404061
22500.000000,85.477640,28.332500,9789.592816,5834.301200,2870.564425,8.453854,380.659461
22600.000000,85.476620,28.332500,9689.592816,5834.301200,2855.937287,8.042840,384.133490
22700.000000,85.475600,28.332500,9589.592816,5834.301200,2842.303749,7.359390,399.011430
22800.000000,85.474580,28.332500,9489.592816,5834.301200,2830.105955,6.512633,421.851370
22900.000000,85.473560,28.332500,9389.592816,5834.301200,2819.471956,5.655247,448.111571
23000.000000,85.472539,28.332500,9289.592816,5834.301200,2810.301064,4.987021,473.103105
23100.000000,85.471849,28.333151,9221.939799,5906.223634,2802.019875,4.658145,493.095042
23200.000000,85.470922,28.333333,9131.022118,5926.417867,2794.005150,4.587872,506.142440
23300.000000,85.469935,28.333398,9034.258840,5933.614609,2785.970867,4.594608,512.250932
23400.000000,85.469258,28.334075,8967.907328,6008.430897,2777.932475,4.575798,512.948883
23500.000000,85.468581,28.334752,8901.555817,6083.247185,2769.964274,4.560376,510.421902
23600.000000,85.467687,28.335000,8813.880723,6110.651200,2761.980058,4.596586,506.638347
23700.000000,85.466667,28.335000,8713.880723,6110.651200,2753.884651,4.654397,502.784844
23800.000000,85.465647,28.335000,8613.880723,6110.651200,2745.697316,4.678230,499.161861
23900.000000,85.464627,28.335000,8513.880723,6110.651200,2737.518162,4.694352,495.490996
24000.000000,85.463607,28.335000,8413.880723,6110.651200,2729.274173,4.792671,491.420151
24100.000000,85.462587,28.335000,8313.880723,6110.651200,2720.749454,4.995164,486.957720
24200.000000,85.461567,28.335000,8213.880723,6110.651200,2711.793449,5.312897,482.625366
24300.000000,85.460546,28.335000,8113.880723,6110.651200,2702.150608,5.611805,479.281195
24400.000000,85.459526,28.335000,8013.880723,6110.651200,2692.141674,5.565846,477.690781
24500.000000,85.458506,28.335000,7913.880723,6110.651200,2682.660796,5.216900,478.098221
24600.000000,85.457486,28.335000,7813.880723,6110.651200,2673.880765,5.280102,479.970997
24700.000000,85.456466,28.335000,7713.880723,6110.651200,2664.177412,5.749077,482.030992
24800.000000,85.455446,28.335000,7613.880723,6110.651200,2653.745078,6.119576,482.525991
24900.000000,85.454426,28.335000,7513.880723,6110.651200,2642.734460,6.794721,479.643802
25000.000000,85.453406,28.335000,7413.880723,6110.651200,2629.915210,7.779251,471.922867
25100.000000,85.452386,28.335000,7313.880723,6110.651200,2615.411650,8.610930,458.625579
25200.000000,85.451366,28.335000,7213.880723,6110.651200,2599.629028,9.138239,439.969799
25300.000000,85.450346,28.335000,7113.880723,6110.651200,2583.239923,9.443637,417.200730
25400.000000,85.449326,28.335000,7013.880723,6110.651200,2566.362725,9.590570,392.524936
25500.000000,85.448306,28.335000,6913.880723,6110.651200,2549.446313,9.559494,368.894420
25600.000000,85.447286,28.335000,6813.880723,6110.651200,2532.680679,9.239338,349.626833
25700.000000,85.446266,28.335000,6713.880723,6110.651200,2516.912448,8.753364,337.747545
25800.000000,85.445246,28.335000,6613.880723,6110.651200,2501.885713,8.232080,335.085981
25900.000000,85.444226,28.335000,6513.880723,6110.651200,2487.977691,7.728284,341.415418
26000.000000,85.443205,28.335000,6413.880723,6110.651200,2474.744109,7.434927,354.159212
26100.000000,85.442185,28.335000,6313.880723,6110.651200,2461.878242,7.194704,369.048669
26200.000000,85.441165,28.335000,6213.880723,6110.651200,2449.497016,6.905642,381.607733
26300.000000,85.440145,28.335000,6113.880723,6110.651200,2437.655599,6.606604,388.761561
26400.000000,85.439125,28.335000,6013.880723,6110.651200,2426.332865,6.359367,389.746926
26500.000000,85.438105,28.335000,5913.880723,6110.651200,2415.365613,6.172314,385.960418
26600.000000,85.437225,28.334725,5827.567143,6080.219903,2404.703690,5.989932,379.992127
26700.000000,85.436488,28.334167,5755.310025,6018.534533,2394.380298,5.794128,374.466499
26800.000000,85.435591,28.333924,5667.375152,5991.708128,2384.409139,5.601872,371.181391
26900.000000,85.434914,28.333247,5601.023641,5916.891840,2374.763530,5.424721,370.723750
27000.000000,85.434237,28.332570,5534.672130,5842.075552,2365.416507,5.297877,372.481652
27100.000000,85.433560,28.331894,5468.320618,5767.259264,2356.217566,5.147368,374.982424
27200.000000,85.432655,28.331667,5379.597932,5742.184533,2347.400307,4.943750,376.443141
27300.000000,85.431646,28.331646,5280.639659,5739.868288,2338.917670,4.555041,375.421044
27400.000000,85.430969,28.330969,5214.288148,5665.052000,2331.466633,3.876276,371.312784
27500.000000,85.430018,28.330833,5121.027235,5650.067867,2325.366232,3.415009,364.529406
27600.000000,85.428998,28.330833,5021.027235,5650.067867,2319.531867,3.338615,356.243251
27700.000000,85.428097,28.330597,4932.766710,5623.965538,2313.699060,3.508087,347.913048
27800.000000,85.427380,28.330000,4862.456537,5557.951200,2307.271009,3.739335,340.778208
27900.000000,85.426360,28.330000,4762.456537,5557.951200,2300.627753,3.647108,335.508359
28000.000000,85.425340,28.330000,4662.456537,5557.951200,2294.522979,3.295383,332.092456
28100.000000,85.424320,28.330000,4562.456537,5557.951200,2289.111997,2.865972,329.942440
28200.000000,85.423300,28.330000,4462.456537,5557.951200,2284.510499,2.487427,328.188823
28300.000000,85.422354,28.329854,4369.723833,5541.792612,2280.423780,2.353658,326.011391
28400.000000,85.421677,28.329177,4303.372321,5466.976324,2276.290057,2.374288,322.904766
28500.000000,85.420720,28.329053,4209.531842,5453.280837,2272.131205,2.401115,318.790278
28600.000000,85.420043,28.328376,4143.180330,5378.464549,2267.903675,2.379813,313.958436
28700.000000,85.419045,28.328333,4045.315142,5373.717867,2263.819309,2.416127,308.906043
28800.000000,85.418128,28.328128,3955.499371,5351.073573,2259.464798,2.362388,304.155663
28900.000000,85.417427,28.327500,3886.744444,5281.601200,2255.568344,2.150228,300.124540
29000.000000,85.416407,28.327500,3786.744444,5281.601200,2251.955561,1.924950,297.102310
29100.000000,85.415537,28.327204,3701.466901,5248.866310,2248.846471,1.548072,295.331337
29200.000000,85.414860,28.326527,3635.115390,5174.050022,2246.550456,1.072406,295.090229
29300.000000,85.414184,28.325850,3568.763879,5099.233734,2245.102631,0.681792,296.652111
29400.000000,85.413507,28.325173,3502.412367,5024.417446,2244.170441,0.534019,300.072475
29500.000000,85.413333,28.324327,3485.414606,4930.868945,2243.238497,0.625491,304.954724
29600.000000,85.413333,28.323422,3485.414606,4830.868945,2241.986980,0.913573,310.398655
29700.000000,85.413333,28.322518,3485.414606,4730.868945,2240.049255,1.319579,315.285826
29800.000000,85.413293,28.321627,3481.489524,4632.358710,2237.379965,1.663992,318.759054
29900.000000,85.412616,28.320950,3415.138013,4557.542422,2234.239192,1.884446,320.668699
30000.000000,85.412500,28.320084,3403.720095,4461.876092,2230.799636,1.989009,321.658933
30100.000000,85.412500,28.319180,3403.720095,4361.876092,2227.293452,2.013909,322.912843
30200.000000,85.412500,28.318275,3403.720095,4261.876092,2223.766872,2.120509,325.678674
30300.000000,85.412500,28.317370,3403.720095,4161.876092,2219.888097,2.265913,330.805717
30400.000000,85.412500,28.316466,3403.720095,4061.876092,2215.853217,2.383511,338.490736
30500.000000,85.412500,28.315561,3403.720095,3961.876092,2211.563273,2.607220,348.266402
30600.000000,85.412500,28.314656,3403.720095,3861.876092,2206.746014,2.678150,359.190977
30700.000000,85.412500,28.313752,3403.720095,3761.876092,2202.207952,2.541545,370.084290
30800.000000,85.412500,28.312847,3403.720095,3661.876092,2197.868526,2.393299,379.701896
30900.000000,85.412500,28.311943,3403.720095,3561.876092,2193.848899,2.405033,386.789967
31000.000000,85.412500,28.311038,3403.720095,3461.876092,2189.468441,2.541504,390.151329
31100.000000,85.411976,28.310310,3352.369483,3381.366214,2184.971553,2.740888,388.867089
31200.000000,85.411299,28.309633,3286.017972,3306.549926,2179.893631,3.175459,382.656085
31300.000000,85.410623,28.308956,3219.666461,3231.733638,2173.875748,3.700955,372.150451
31400.000000,85.409946,28.308279,3153.314950,3156.917350,2166.956866,4.232444,358.837601
31500.000000,85.409269,28.307602,3086.963438,3082.101061,2159.074801,4.643373,344.605195
31600.000000,85.408592,28.306925,3020.611927,3007.284773,2150.712860,4.640010,331.152059
31700.000000,85.407915,28.306249,2954.260416,2932.468485,2142.842610,4.002258,319.595936
31800.000000,85.407238,28.305572,2887.908904,2857.652197,2136.719578,3.335085,310.431509
31900.000000,85.406562,28.304895,2821.557393,2782.835909,2131.187801,3.003585,303.718248
32000.000000,85.405885,28.304218,2755.205882,2708.019621,2126.225474,2.933393,299.273595
32100.000000,85.405208,28.303541,2688.854371,2633.203333,2120.939371,3.199626,296.760917
32200.000000,85.404531,28.302864,2622.502859,2558.387045,2115.045049,3.436008,295.712550
32300.000000,85.403854,28.302188,2556.151348,2483.570757,2108.931040,3.506942,295.616118
32400.000000,85.403177,28.301511,2489.799837,2408.754469,2102.788201,3.406357,296.077681
32500.000000,85.402501,28.300834,2423.448326,2333.938181,2097.026582,2.835631,297.041407
32600.000000,85.401543,28.300710,2329.607846,2320.242694,2092.881891,2.256947,298.873577
32700.000000,85.400867,28.300033,2263.256335,2245.426406,2089.144274,2.018724,302.264198
32800.000000,85.400190,28.299356,2196.904824,2170.610118,2085.832298,1.676661,308.000197
32900.000000,85.399513,28.298680,2130.553312,2095.793830,2083.289953,1.225449,316.578574
33000.000000,85.398836,28.298003,2064.201801,2020.977542,2081.554023,0.892685,327.863499
33100.000000,85.398159,28.297326,1997.850290,1946.161254,2080.173644,0.915284,340.815945
33200.000000,85.397482,28.296649,1931.498779,1871.344966,2078.358808,1.171065,353.472001
33300.000000,85.396806,28.295972,1865.147267,1796.528677,2076.085285,1.359105,363.310794
33400.000000,85.396129,28.295295,1798.795756,1721.712389,2073.613748,1.412380,368.009512
33500.000000,85.395833,28.294490,1769.829881,1632.706386,2071.154151,1.564610,366.318444
33600.000000,85.395833,28.293586,1769.829881,1532.706386,2068.150871,1.911493,358.672786
33700.000000,85.396321,28.292845,1817.676938,1450.866733,2064.479303,2.415345,347.193342
33800.000000,85.396167,28.292500,1802.536724,1412.701200,2059.714727,3.012097,335.017175
33900.000000,85.395147,28.292500,1702.536724,1412.701200,2053.955405,3.484999,325.222745
34000.000000,85.394140,28.292474,1603.850406,1409.780271,2047.534761,3.564394,319.839764
34100.000000,85.393463,28.291797,1537.498895,1334.963983,2041.497246,3.587884,319.380073
34200.000000,85.392787,28.291120,1471.147384,1260.147695,2034.994288,3.958205,323.017883
34300.000000,85.392110,28.290443,1404.795872,1185.331407,2027.658480,4.462265,329.183967
34400.000000,85.391433,28.289766,1338.444361,1110.515119,2019.386475,4.909887,336.171764
34500.000000,85.390756,28.289089,1272.092850,1035.698831,2010.477665,5.042926,342.490501
34600.000000,85.390079,28.288413,1205.741339,960.882543,2001.737744,4.860675,346.962084
34700.000000,85.389402,28.287736,1139.389827,886.066254,1993.469888,4.860101,348.716645
34800.000000,85.388726,28.287059,1073.038316,811.249966,1984.731984,5.045138,347.240697
34900.000000,85.388049,28.286382,1006.686805,736.433678,1975.813377,5.184179,342.478583
35000.000000,85.387307,28.285833,933.971143,675.767867,1966.586240,5.359461,334.932755
35100.000000,85.386415,28.285581,846.494814,647.921903,1957.050574,5.534642,325.575515
35200.000000,85.385738,28.284905,780.143303,573.105615,1947.206379,5.709719,315.844010
35300.000000,85.385061,28.284228,713.791792,498.289327,1937.053655,5.884690,307.668814
35400.000000,85.384384,28.283551,647.440280,423.473039,1926.592402,6.059550,303.755902
35500.000000,85.383707,28.282874,581.088769,348.656751,1915.822620,6.234297,308.105682
35600.000000,85.382877,28.282500,499.688352,307.301200,1904.744308,6.408928,326.351179
35700.000000,85.382073,28.282073,420.896778,260.144975,1893.357467,6.583439,365.397203
35800.000000,85.381397,28.281397,354.545267,185.328687,1881.662097,6.757828,431.530293
35900.000000,85.380662,28.280833,282.546957,123.067867,1869.658198,6.932091,526.817654
36000.000000,85.379763,28.280596,194.353276,96.816912,1857.345770,7.106225,644.941492
36100.000000,85.379045,28.280000,123.976260,30.951200,1844.724813,7.280228,769.027628
36200.000000,85.378025,28.280000,23.976260,30.951200,1831.795327,7.454095,874.115005
36300.000000,85.377500,28.280000,-27.449356,30.951200,1818.557311,7.540978,934.745046
